[ec2-user@ip-10-1-10-154 ~]$ mysql -u admin -p'password' -h project1db1.c9plluq5tlu6.us-east-1.rds.amazonaws.com
Welcome to the MariaDB monitor.  Commands end with ; or \g.
Your MySQL connection id is 296
Server version: 8.0.28 Source distribution

Copyright (c) 2000, 2018, Oracle, MariaDB Corporation Ab and others.

Type 'help;' or '\h' for help. Type '\c' to clear the current input statement.

MySQL [(none)]> show databases
    -> ;
+--------------------+
| Database           |
+--------------------+
| information_schema |
| mysql              |
| performance_schema |
| sys                |
| udacity            |
+--------------------+
5 rows in set (0.01 sec)

MySQL [(none)]> use udacity
Database changed
MySQL [udacity]> create table ud_tbl(
    ->    id INT NOT NULL AUTO_INCREMENT,
    ->    name VARCHAR(100),
    ->    age int,
    ->    PRIMARY KEY ( id )
    -> );
Query OK, 0 rows affected (0.11 sec)

MySQL [udacity]> select * from ud_tbl;
Empty set (0.00 sec)

MySQL [udacity]> insert into ud_tbl values (1,'Employee A', 30);
Query OK, 1 row affected (0.01 sec)

MySQL [udacity]> insert into ud_tbl values (2,'Employee B', 18);
Query OK, 1 row affected (0.01 sec)

MySQL [udacity]> insert into ud_tbl values (3,'Employee C', 24);
Query OK, 1 row affected (0.01 sec)

MySQL [udacity]> select * from ud_tbl;
+----+------------+------+
| id | name       | age  |
+----+------------+------+
|  1 | Employee A |   30 |
|  2 | Employee B |   18 |
|  3 | Employee C |   24 |
+----+------------+------+
3 rows in set (0.00 sec)

MySQL [udacity]> commit;
Query OK, 0 rows affected (0.00 sec)

MySQL [udacity]> disconnect
    -> ;
ERROR 1064 (42000): You have an error in your SQL syntax; check the manual that corresponds to your MySQL server version for the right syntax to use near 'disconnect' at line 1
MySQL [udacity]> exit;
Bye
[ec2-user@ip-10-1-10-154 ~]$


